,Aaa,Aa1,Aa2,Aa3,A1,A2,A3,Baa1,Baa2,Baa3,Ba1,Ba2,Ba3,B1,B2,B3,Caa1,Caa2,Caa3,Ca,C,Def
Aaa,0.90052,0.04084,0.02604,0.00812,0.00221,0.00189,0.00088,0.00018,0.00024,0.00036,0.00096,0.00009,0.00011,0.00008,0.00001,0.00001,0.00001,0.00002,0.00003,0,0.00001,0
Aa1,0.02373,0.79685,0.07873,0.04038,0.01612,0.01062,0.00306,0.00253,0.00044,0.0006,0.00141,0.00041,0.00014,0.00045,0.00006,0.00014,0.00027,0.00023,0.00055,0.00006,0.00023,0.00035
Aa2,0.01057,0.04125,0.75778,0.10849,0.02393,0.01999,0.00497,0.0039,0.00393,0.00102,0.00038,0.00003,0.00073,0.00108,0.0002,0.00045,0.00015,0.00006,0.00006,0.00015,0.00005,0.00008
Aa3,0.00115,0.01203,0.03423,0.74124,0.13542,0.03151,0.0096,0.00335,0.00272,0.00132,0.00147,0.0004,0.00165,0.00026,0.00012,0.00009,0.00028,0.00014,0.00001,0.00001,0.00001,0.0005
A1,0.00067,0.00091,0.01169,0.05024,0.7801,0.07107,0.03525,0.00878,0.00696,0.00277,0.00116,0.00053,0.00183,0.00141,0,0.0008,0.00016,0.00062,0.00005,0.00005,0.00001,0.00163
A2,0.00083,0.00125,0.00286,0.01315,0.05205,0.78135,0.07216,0.02585,0.01203,0.00473,0.00326,0.0022,0.00256,0.00078,0.00032,0.0002,0.00029,0.00005,0.00005,0.00005,0.00001,0.00075
A3,0.0005,0.00034,0.00118,0.00328,0.01334,0.07235,0.76912,0.06524,0.02674,0.01019,0.00388,0.00282,0.00205,0.00143,0.00076,0.00011,0.00004,0.00003,0.00006,0.00004,0.00001,0.00121
Baa1,0.00012,0.00012,0.00097,0.00031,0.00212,0.01779,0.07134,0.76477,0.06903,0.02398,0.00701,0.00442,0.00447,0.00525,0.00046,0.00031,0.00031,0.00102,0.00016,0.00009,0.00005,0.00148
Baa2,0.00072,0.00134,0.00026,0.00147,0.0045,0.0095,0.02702,0.06279,0.76402,0.06127,0.01594,0.00625,0.00528,0.00417,0.003,0.00197,0.00109,0.00057,0.00033,0.00047,0.00006,0.00118
Baa3,0.00063,0.00015,0.00056,0.00038,0.00043,0.00301,0.00605,0.02562,0.09497,0.74086,0.04295,0.01953,0.01175,0.00715,0.00375,0.00296,0.00153,0.00252,0.00009,0.00041,0.00006,0.00288
Ba1,0.00014,0.00002,0.0001,0.00004,0.00056,0.00296,0.00324,0.00411,0.02998,0.10781,0.69554,0.03827,0.03298,0.01717,0.00892,0.00824,0.00165,0.00327,0.00014,0.00043,0.00019,0.00937
Ba2,0.00007,0.00005,0.00004,0.0001,0.00078,0.00015,0.00213,0.00763,0.00786,0.0436,0.07342,0.67411,0.05458,0.04705,0.0157,0.01237,0.00249,0.00488,0.00059,0.0001,0.00046,0.00921
Ba3,0.00005,0.00028,0.00013,0.00022,0.00053,0.00084,0.00108,0.0005,0.00478,0.014,0.03505,0.06639,0.6771,0.06322,0.03064,0.02343,0.00688,0.00454,0.00086,0.00103,0.00006,0.02221
B1,0.00006,0.00024,0.00052,0.00001,0.00031,0.00067,0.00019,0.00126,0.00292,0.00698,0.00798,0.02858,0.06402,0.68126,0.04929,0.04222,0.01348,0.00656,0.00396,0.00192,0.00022,0.03641
B2,0.00006,0.00003,0.00001,0.00015,0.00026,0.00007,0.00143,0.00088,0.00063,0.00604,0.00485,0.0099,0.02927,0.06446,0.67855,0.07519,0.01714,0.02494,0.00083,0.00159,0.0009,0.04167
B3,0.00056,0.00007,0.00016,0.00007,0.0001,0.0003,0.00156,0.00018,0.00088,0.00274,0.00026,0.00479,0.01163,0.03388,0.05398,0.63715,0.04459,0.03202,0.01096,0.00684,0.00085,0.09579
Caa1,0.00005,0.00001,0.00002,0.00001,0.00007,0.00001,0.00032,0.0007,0.00061,0.00201,0.00129,0.00104,0.00617,0.00945,0.02287,0.07956,0.60211,0.06624,0.03878,0.01028,0.00257,0.09598
Caa2,0.00004,0.00014,0.00004,0.00004,0.00016,0.00039,0.00001,0.00007,0.00051,0.00153,0.01344,0.00032,0.00999,0.01366,0.02876,0.04313,0.04286,0.55533,0.03331,0.01983,0.00682,0.14935
Caa3,0.00002,0.00001,0.00001,0.00002,0.00011,0.00001,0.00006,0.00006,0.00008,0.00168,0.00438,0.00379,0.00081,0.00601,0.00246,0.02986,0.05437,0.06371,0.46206,0.03045,0.02792,0.26005
Ca,0.00002,0.00002,0.0001,0.00015,0.00198,0.00028,0.00013,0.00011,0.00027,0.00112,0.00166,0.00439,0.00918,0.08411,0.00768,0.0158,0.00811,0.01065,0.03435,0.5112,0.01439,0.21538
C,0.00001,0.00001,0.00001,0.00001,0.00008,0.00002,0.00009,0.0002,0.0008,0.00295,0.00232,0.00922,0.00228,0.00662,0.00241,0.02229,0.00152,0.05333,0.01459,0.0198,0.62918,0.16199
Def,0,0,0,0,0,0,0,0,0,0,0,0,0,0,0,0,0,0,0,0,0,1