 ,Aaa,Aa1,Aa2,Aa3,A1,A2,A3,Baa1,Baa2,Baa3,Ba1,Ba2,Ba3,B1,B2,B3,Caa1,Caa2,Caa3,Ca,C,Def,Yield Possible
Aaa,0.7336,0.0915,0.0628,0.0282,0.0116,0.008,0.0035,0.0014,0.0003,0.0012,0.0021,0,0,0,0,0,0,0,0,0,0,0,0.012
Aa1,0.0537,0.5175,0.1488,0.0949,0.0504,0.0311,0.0119,0.0077,0.0035,0.0025,0.0031,0.0011,0.001,0.0012,0.0001,0.0001,0.0005,0.0005,0.0007,0,0.0004,0,0.0144
Aa2,0.0248,0.0794,0.453,0.1921,0.0812,0.0512,0.0188,0.0116,0.0102,0.0038,0.0019,0.0007,0.0022,0.0022,0.0006,0.0009,0,0.0002,0,0.0002,0.0001,0.0009,0.0173
Aa3,0.0043,0.0254,0.0644,0.4338,0.2439,0.0819,0.0351,0.0136,0.0102,0.0051,0.0037,0.0016,0.0037,0.0007,0.0001,0.0003,0.0004,0.0001,0,0,0,0.002,0.0207
A1,0.0022,0.0047,0.0258,0.0936,0.5017,0.1422,0.0798,0.0279,0.02,0.009,0.0041,0.0024,0.0045,0.0033,0.0007,0.0016,0.0001,0.001,0,0,0,0.005,0.0249
A2,0.0022,0.0034,0.0083,0.0308,0.1031,0.5012,0.1413,0.0615,0.0334,0.0152,0.0084,0.0056,0.0061,0.0031,0.0013,0.0004,0.0006,0.0004,0,0.0001,0,0.003,0.0299
A3,0.0014,0.0013,0.0036,0.0102,0.0351,0.1377,0.4817,0.1257,0.0634,0.0278,0.0109,0.0073,0.0061,0.0047,0.0022,0.0007,0.0003,0.0004,0,0.0001,0,0.0041,0.0358
Baa1,0.0006,0.0007,0.0023,0.0026,0.0096,0.0467,0.1352,0.4715,0.1333,0.0556,0.0185,0.0114,0.0111,0.0114,0.003,0.0023,0.0012,0.002,0.0004,0.0001,0.0001,0.0061,0.043
Baa2,0.0018,0.0027,0.0014,0.004,0.0114,0.0263,0.0619,0.12,0.4734,0.1144,0.0348,0.0161,0.0139,0.0115,0.0073,0.0055,0.0026,0.0021,0.0007,0.0008,0,0.0069,0.0516
Baa3,0.0015,0.0002,0.0012,0.0014,0.0029,0.0104,0.0222,0.0599,0.1711,0.4348,0.0755,0.0374,0.0265,0.0188,0.0104,0.0087,0.0038,0.0049,0.0007,0.0009,0.0002,0.0131,0.0619
Ba1,0.0005,0.0001,0.0001,0.0005,0.0021,0.0075,0.0108,0.0193,0.0737,0.1784,0.3572,0.0656,0.0583,0.0375,0.0208,0.0186,0.0053,0.0069,0.0008,0.0011,0.0004,0.0312,0.0743
Ba2,0,0,0.0002,0.0004,0.0018,0.0019,0.0069,0.0175,0.0295,0.0879,0.1142,0.3257,0.0899,0.08,0.0343,0.0285,0.0081,0.0099,0.002,0.0011,0.0008,0.0376,0.0892
Ba3,0,0.0005,0,0.0005,0.0014,0.0023,0.0035,0.0046,0.0155,0.0387,0.0636,0.1002,0.3326,0.1031,0.0559,0.0456,0.0149,0.0115,0.003,0.0023,0.0003,0.07,0.107
B1,0.0002,0.0005,0.0009,0.0003,0.0009,0.0016,0.0017,0.0039,0.0087,0.0194,0.0226,0.0513,0.0982,0.339,0.0804,0.0708,0.0248,0.0163,0.0068,0.0038,0.0004,0.1078,0.1284
B2,0,0,0.0001,0.0003,0.0007,0.0007,0.0031,0.0027,0.0042,0.0145,0.0136,0.0235,0.0539,0.1024,0.3326,0.1115,0.0327,0.0377,0.006,0.0045,0.0019,0.1305,0.1541
B3,0.001,0,0.0003,0,0.0003,0,0.0027,0.0012,0.0027,0.0068,0.0046,0.0115,0.0251,0.057,0.0794,0.2814,0.0589,0.045,0.016,0.0099,0.0026,0.2381,0.1849
Caa1,0,0,0,0,0,0,0,0.0011,0,0.0038,0.0016,0.002,0.0137,0.0246,0.0423,0.1055,0.2355,0.0782,0.0397,0.0152,0.0062,0.2615,0.2219
Caa2,0,0.0002,0,0,0.0004,0.0007,0.0005,0.0005,0.0023,0.0064,0.018,0.005,0.0177,0.0283,0.0426,0.062,0.0522,0.1855,0.0314,0.0205,0.0097,0.3339,0.2662
Caa3,0,0,0,0,0,0,0,0,0,0.0001,0.0066,0.0045,0.0032,0.004,0.0069,0.0419,0.0544,0.061,0.1082,0.0261,0.0271,0.4984,0.3195
Ca,0,0,0,0,0.0025,0,0,0,0,0,0.0029,0,0.0015,0.0923,0.0185,0.0281,0.0153,0.0175,0.0271,0.1368,0.0159,0.4225,0.3834
C,0,0,0,0,0,0,0,0,0,0.0061,0.0067,0.0133,0.0068,0.0165,0.0102,0.0344,0.0067,0.0603,0.0179,0.0224,0.2511,0.3708,0.4601
Def,0,0,0,0,0,0,0,0,0,0,0,0,0,0,0,0,0,0,0,0,0,1,0